Workbook

Sheet Sheet1
A5: Mode of Delivery: | C5: VDD-DHL
A6: Forwarder/Consolidator: | C6: DHL
A7: Ship via: | C7: AIR
A8: Container Stuffing Location: | C8: Door To Door
A11: Terms of sale: | C11: FOB Ho Chi Minh City
A12: Currency: | C12: USD
A13: Ship to Name: | C13: TJA_CUS
A16: Số lượng kiện | B16: 14 | C16: Số lượng | D16: =B16
A17: Đơn vị tính kiện hàng | B17: BOX | C17: Loại | D17: =IF(ISNUMBER(SEARCH("Pallet",B17)),"PP",IF(OR(ISNUMBER(SEARCH("Box",B17)),ISNUMBER(SEARCH("Boxes",B17))),"BX",IF(OR(ISNUMBER(SEARCH("Bundle",B17)),ISNUMBER(SEARCH("Package",B17))),"PK","")))
A18: Tổng trọng lượng hàng (Gross) | B18: 64.5 | C18: KGS | D18: =B18
A21: Số Invoice | B21: G-26-1204
A22: Ngày Invoice | B22: 46318
A25: Tổng trị giá Gia công | B25: 2616.12
A26: Tổng trị giá Nguyên vật liệu | B26: =B27-B25
A27: Tổng trị giá Hóa đơn | B27: 6591

Sheet Sheet2
A1: Aldila part | C1: Descriptions of goods | D1: PCS | E1: BOXES | F1: Unit | G1: Extension | H1: Unit | I1: =+SUM(I2:I379) | L1: SL | P1: =+SUM(P2:P2) | Q1: =+SUM(Q2:Q2) | R1: Thân gậy đánh gôn làm từ tấm Prepreg tổng hợp kích thước | U1: / | V1: / hiệu | W1: , hàng mới 100%
A2: GOLF SHAFT-SF | B2: SF352-WX-1A | C2: M6118401 /SHM-REAX LR 70 X | D2: 143 | E2: 3 | F2: 3.87 | G2: 553.41 | H2: 10.57 | I2: 1511.51 | J2: =+$R$1&""&T2&""&U2&" "&$V$1&" "&V2&" / "&B2&" "&$U$1&" "&C2&""&$W$1 | T2: =+INDEX([1]GOLF!$E$2:$E$1990,MATCH(B2,[1]GOLF!$C$2:$C$1990,0)) | U2: mm | V2: =+INDEX([1]GOLF!$G:$G,MATCH(B2,[1]GOLF!$C:$C,0)) | X2: =+VLOOKUP(B2,[1]GOLF!$C:$G,3,0) | Y2: =+X2=T2
A3: GOLF SHAFT-SF | B3: SF353-WS-1A | C3: M6118801 /SHM-REAX MR 70 S | D3: 533 | E3: 11 | F3: 3.87 | G3: 2062.71 | H3: 9.53 | I3: 5079.49 | J3: =+$R$1&""&T3&""&U3&" "&$V$1&" "&V3&" / "&B3&" "&$U$1&" "&C3&""&$W$1 | T3: =+INDEX([1]GOLF!$E$2:$E$1990,MATCH(B3,[1]GOLF!$C$2:$C$1990,0)) | U3: mm | V3: =+INDEX([1]GOLF!$G:$G,MATCH(B3,[1]GOLF!$C:$C,0)) | X3: =+VLOOKUP(B3,[1]GOLF!$C:$G,3,0) | Y3: =+X3=T3
J4: =+$R$1&""&T4&""&U4&" "&$V$1&" "&V4&" / "&B4&" "&$U$1&" "&C4&""&$W$1 | T4: =+INDEX([1]GOLF!$E$2:$E$1990,MATCH(B4,[1]GOLF!$C$2:$C$1990,0)) | U4: mm | V4: =+INDEX([1]GOLF!$G:$G,MATCH(B4,[1]GOLF!$C:$C,0)) | X4: =+VLOOKUP(B4,[1]GOLF!$C:$G,3,0) | Y4: =+X4=T4
J5: =+$R$1&""&T5&""&U5&" "&$V$1&" "&V5&" / "&B5&" "&$U$1&" "&C5&""&$W$1 | T5: =+INDEX([1]GOLF!$E$2:$E$1990,MATCH(B5,[1]GOLF!$C$2:$C$1990,0)) | U5: mm | V5: =+INDEX([1]GOLF!$G:$G,MATCH(B5,[1]GOLF!$C:$C,0)) | X5: =+VLOOKUP(B5,[1]GOLF!$C:$G,3,0) | Y5: =+X5=T5
J6: =+$R$1&""&T6&""&U6&" "&$V$1&" "&V6&" / "&B6&" "&$U$1&" "&C6&""&$W$1 | T6: =+INDEX([1]GOLF!$E$2:$E$1990,MATCH(B6,[1]GOLF!$C$2:$C$1990,0)) | U6: mm | V6: =+INDEX([1]GOLF!$G:$G,MATCH(B6,[1]GOLF!$C:$C,0)) | X6: =+VLOOKUP(B6,[1]GOLF!$C:$G,3,0) | Y6: =+X6=T6
J7: =+$R$1&""&T7&""&U7&" "&$V$1&" "&V7&" / "&B7&" "&$U$1&" "&C7&""&$W$1 | T7: =+INDEX([1]GOLF!$E$2:$E$1990,MATCH(B7,[1]GOLF!$C$2:$C$1990,0)) | U7: mm | V7: =+INDEX([1]GOLF!$G:$G,MATCH(B7,[1]GOLF!$C:$C,0)) | X7: =+VLOOKUP(B7,[1]GOLF!$C:$G,3,0) | Y7: =+X7=T7
J8: =+$R$1&""&T8&""&U8&" "&$V$1&" "&V8&" / "&B8&" "&$U$1&" "&C8&""&$W$1 | T8: =+INDEX([1]GOLF!$E$2:$E$1990,MATCH(B8,[1]GOLF!$C$2:$C$1990,0)) | U8: mm | V8: =+INDEX([1]GOLF!$G:$G,MATCH(B8,[1]GOLF!$C:$C,0)) | X8: =+VLOOKUP(B8,[1]GOLF!$C:$G,3,0) | Y8: =+X8=T8
J9: =+$R$1&""&T9&""&U9&" "&$V$1&" "&V9&" / "&B9&" "&$U$1&" "&C9&""&$W$1 | T9: =+INDEX([1]GOLF!$E$2:$E$1990,MATCH(B9,[1]GOLF!$C$2:$C$1990,0)) | U9: mm | V9: =+INDEX([1]GOLF!$G:$G,MATCH(B9,[1]GOLF!$C:$C,0)) | X9: =+VLOOKUP(B9,[1]GOLF!$C:$G,3,0) | Y9: =+X9=T9
J10: =+$R$1&""&T10&""&U10&" "&$V$1&" "&V10&" / "&B10&" "&$U$1&" "&C10&""&$W$1 | T10: =+INDEX([1]GOLF!$E$2:$E$1990,MATCH(B10,[1]GOLF!$C$2:$C$1990,0)) | U10: mm | V10: =+INDEX([1]GOLF!$G:$G,MATCH(B10,[1]GOLF!$C:$C,0)) | X10: =+VLOOKUP(B10,[1]GOLF!$C:$G,3,0) | Y10: =+X10=T10
J11: =+$R$1&""&T11&""&U11&" "&$V$1&" "&V11&" / "&B11&" "&$U$1&" "&C11&""&$W$1 | T11: =+INDEX([1]GOLF!$E$2:$E$1990,MATCH(B11,[1]GOLF!$C$2:$C$1990,0)) | U11: mm | V11: =+INDEX([1]GOLF!$G:$G,MATCH(B11,[1]GOLF!$C:$C,0)) | X11: =+VLOOKUP(B11,[1]GOLF!$C:$G,3,0) | Y11: =+X11=T11
J12: =+$R$1&""&T12&""&U12&" "&$V$1&" "&V12&" / "&B12&" "&$U$1&" "&C12&""&$W$1 | T12: =+INDEX([1]GOLF!$E$2:$E$1990,MATCH(B12,[1]GOLF!$C$2:$C$1990,0)) | U12: mm | V12: =+INDEX([1]GOLF!$G:$G,MATCH(B12,[1]GOLF!$C:$C,0)) | X12: =+VLOOKUP(B12,[1]GOLF!$C:$G,3,0) | Y12: =+X12=T12
J13: =+$R$1&""&T13&""&U13&" "&$V$1&" "&V13&" / "&B13&" "&$U$1&" "&C13&""&$W$1 | T13: =+INDEX([1]GOLF!$E$2:$E$1990,MATCH(B13,[1]GOLF!$C$2:$C$1990,0)) | U13: mm | V13: =+INDEX([1]GOLF!$G:$G,MATCH(B13,[1]GOLF!$C:$C,0)) | X13: =+VLOOKUP(B13,[1]GOLF!$C:$G,3,0) | Y13: =+X13=T13
J14: =+$R$1&""&T14&""&U14&" "&$V$1&" "&V14&" / "&B14&" "&$U$1&" "&C14&""&$W$1 | T14: =+INDEX([1]GOLF!$E$2:$E$1990,MATCH(B14,[1]GOLF!$C$2:$C$1990,0)) | U14: mm | V14: =+INDEX([1]GOLF!$G:$G,MATCH(B14,[1]GOLF!$C:$C,0)) | X14: =+VLOOKUP(B14,[1]GOLF!$C:$G,3,0) | Y14: =+X14=T14
J15: =+$R$1&""&T15&""&U15&" "&$V$1&" "&V15&" / "&B15&" "&$U$1&" "&C15&""&$W$1 | T15: =+INDEX([1]GOLF!$E$2:$E$1990,MATCH(B15,[1]GOLF!$C$2:$C$1990,0)) | U15: mm | V15: =+INDEX([1]GOLF!$G:$G,MATCH(B15,[1]GOLF!$C:$C,0)) | X15: =+VLOOKUP(B15,[1]GOLF!$C:$G,3,0) | Y15: =+X15=T15
... J100: =+$R$1&""&T100&""&U100&" "&$V$1&" "&V100&" / "&B100&" "&$U$1&" "&C100&""&$W$1 | T100: =+INDEX([1]GOLF!$E$2:$E$1990,MATCH(B100,[1]GOLF!$C$2:$C$1990,0)) | U100: mm | V100: =+INDEX([1]GOLF!$G:$G,MATCH(B100,[1]GOLF!$C:$C,0)) | X100: =+VLOOKUP(B100,[1]GOLF!$C:$G,3,0) | Y100: =+X100=T100

Sheet Sheet3
A1: Mã hàng (A) | D1: Tên hàng (D) | E1: Số lượng 1 | H1: Đơn giá | I1: =+SUM(I2:I379) | J1: =+SUM(J2:J379) | K1: =+SUM(K2:K379) | L1: Xuất xứ
A2: =+IF(Sheet2!A2="","",Sheet2!A2) | B2: =+IF(Sheet2!B2="","",Sheet2!B2) | C2: =+IF(Sheet2!C2="","",Sheet2!C2) | D2: =+IF(Sheet2!J2="","",Sheet2!J2) | E2: =Sheet2!D2 | H2: =Sheet2!H2 | I2: =+E2*F2 | J2: =+E2*G2 | K2: =+E2*H2 | L2: VIETNAM
A3: =+IF(Sheet2!A3="","",Sheet2!A3) | B3: =+IF(Sheet2!B3="","",Sheet2!B3) | C3: =+IF(Sheet2!C3="","",Sheet2!C3) | D3: =+IF(Sheet2!J3="","",Sheet2!J3) | E3: =Sheet2!D3 | H3: =Sheet2!H3 | I3: =+E3*F3 | J3: =+E3*G3 | K3: =+E3*H3 | L3: VIETNAM
A4: =+IF(Sheet2!A4="","",Sheet2!A4) | B4: =+IF(Sheet2!B4="","",Sheet2!B4) | C4: =+IF(Sheet2!C4="","",Sheet2!C4) | D4: =+IF(Sheet2!J4="","",Sheet2!J4) | E4: =Sheet2!D4 | H4: =Sheet2!H4 | I4: =+E4*F4 | J4: =+E4*G4 | K4: =+E4*H4 | L4: VIETNAM
A5: =+IF(Sheet2!A5="","",Sheet2!A5) | B5: =+IF(Sheet2!B5="","",Sheet2!B5) | C5: =+IF(Sheet2!C5="","",Sheet2!C5) | D5: =+IF(Sheet2!J5="","",Sheet2!J5) | E5: =Sheet2!D5 | H5: =Sheet2!H5 | I5: =+E5*F5 | J5: =+E5*G5 | K5: =+E5*H5 | L5: VIETNAM
A6: =+IF(Sheet2!A6="","",Sheet2!A6) | B6: =+IF(Sheet2!B6="","",Sheet2!B6) | C6: =+IF(Sheet2!C6="","",Sheet2!C6) | D6: =+IF(Sheet2!J6="","",Sheet2!J6) | E6: =Sheet2!D6 | H6: =Sheet2!H6 | I6: =+E6*F6 | J6: =+E6*G6 | K6: =+E6*H6 | L6: VIETNAM
A7: =+IF(Sheet2!A7="","",Sheet2!A7) | B7: =+IF(Sheet2!B7="","",Sheet2!B7) | C7: =+IF(Sheet2!C7="","",Sheet2!C7) | D7: =+IF(Sheet2!J7="","",Sheet2!J7) | E7: =Sheet2!D7 | H7: =Sheet2!H7 | I7: =+E7*F7 | J7: =+E7*G7 | K7: =+E7*H7 | L7: VIETNAM
A8: =+IF(Sheet2!A8="","",Sheet2!A8) | B8: =+IF(Sheet2!B8="","",Sheet2!B8) | C8: =+IF(Sheet2!C8="","",Sheet2!C8) | D8: =+IF(Sheet2!J8="","",Sheet2!J8) | E8: =Sheet2!D8 | H8: =Sheet2!H8 | I8: =+E8*F8 | J8: =+E8*G8 | K8: =+E8*H8 | L8: VIETNAM
A9: =+IF(Sheet2!A9="","",Sheet2!A9) | B9: =+IF(Sheet2!B9="","",Sheet2!B9) | C9: =+IF(Sheet2!C9="","",Sheet2!C9) | D9: =+IF(Sheet2!J9="","",Sheet2!J9) | E9: =Sheet2!D9 | H9: =Sheet2!H9 | I9: =+E9*F9 | J9: =+E9*G9 | K9: =+E9*H9 | L9: VIETNAM
A10: =+IF(Sheet2!A10="","",Sheet2!A10) | B10: =+IF(Sheet2!B10="","",Sheet2!B10) | C10: =+IF(Sheet2!C10="","",Sheet2!C10) | D10: =+IF(Sheet2!J10="","",Sheet2!J10) | E10: =Sheet2!D10 | H10: =Sheet2!H10 | I10: =+E10*F10 | J10: =+E10*G10 | K10: =+E10*H10 | L10: VIETNAM
A11: =+IF(Sheet2!A11="","",Sheet2!A11) | B11: =+IF(Sheet2!B11="","",Sheet2!B11) | C11: =+IF(Sheet2!C11="","",Sheet2!C11) | D11: =+IF(Sheet2!J11="","",Sheet2!J11) | E11: =Sheet2!D11 | H11: =Sheet2!H11 | I11: =+E11*F11 | J11: =+E11*G11 | K11: =+E11*H11 | L11: VIETNAM
A12: =+IF(Sheet2!A12="","",Sheet2!A12) | B12: =+IF(Sheet2!B12="","",Sheet2!B12) | C12: =+IF(Sheet2!C12="","",Sheet2!C12) | D12: =+IF(Sheet2!J12="","",Sheet2!J12) | E12: =Sheet2!D12 | H12: =Sheet2!H12 | I12: =+E12*F12 | J12: =+E12*G12 | K12: =+E12*H12 | L12: VIETNAM
A13: =+IF(Sheet2!A13="","",Sheet2!A13) | B13: =+IF(Sheet2!B13="","",Sheet2!B13) | C13: =+IF(Sheet2!C13="","",Sheet2!C13) | D13: =+IF(Sheet2!J13="","",Sheet2!J13) | E13: =Sheet2!D13 | H13: =Sheet2!H13 | I13: =+E13*F13 | J13: =+E13*G13 | K13: =+E13*H13 | L13: VIETNAM
... A100: =+IF(Sheet2!A100="","",Sheet2!A100) | B100: =+IF(Sheet2!B100="","",Sheet2!B100) | C100: =+IF(Sheet2!C100="","",Sheet2!C100) | D100: =+IF(Sheet2!J100="","",Sheet2!J100) | E100: =Sheet2!D100 | H100: =Sheet2!H100 | I100: =+E100*F100 | J100: =+E100*G100 | K100: =+E100*H100 | L100: VIETNAM
